42	45	39	0	0	0	0	0	0	0	0
42	39	0	0	0	0	0	0	0	0	0
42	45	40	0	0	0	0	0	0	0	0
42	40	0	0	0	0	0	0	0	0	0
42	41	0	0	0	0	0	0	0	0	0
108	114	0	0	0	0	0	0	0	0	0
127	128	124	0	0	0	0	0	0	0	0
127	126	124	0	0	0	0	0	0	0	0
278	249	0	0	0	0	0	0	0	0	0
278	268	0	0	0	0	0	0	0	0	0
247	249	0	0	0	0	0	0	0	0	0
247	242	0	0	0	0	0	0	0	0	0
247	245	242	0	0	0	0	0	0	0	0
247	281	0	0	0	0	0	0	0	0	0
251	314	0	0	0	0	0	0	0	0	0
292	295	0	0	0	0	0	0	0	0	0
305	306	311	302	301	0	0	0	0	0	0
305	303	301	0	0	0	0	0	0	0	0
305	303	302	301	0	0	0	0	0	0	0
305	306	311	302	304	0	0	0	0	0	0
305	306	311	304	0	0	0	0	0	0	0
305	303	302	304	0	0	0	0	0	0	0
305	306	307	0	0	0	0	0	0	0	0
305	306	311	307	0	0	0	0	0	0	0
305	306	311	302	309	0	0	0	0	0	0
305	306	311	309	0	0	0	0	0	0	0
305	303	302	309	0	0	0	0	0	0	0
305	306	311	313	0	0	0	0	0	0	0
305	306	311	316	0	0	0	0	0	0	0
305	306	311	302	316	0	0	0	0	0	0
305	303	302	316	0	0	0	0	0	0	0
464	465	0	0	0	0	0	0	0	0	0
464	463	0	0	0	0	0	0	0	0	0
689	690	0	0	0	0	0	0	0	0	0
689	682	0	0	0	0	0	0	0	0	0
730	712	0	0	0	0	0	0	0	0	0
730	731	0	0	0	0	0	0	0	0	0
887	892	889	0	0	0	0	0	0	0	0
887	891	0	0	0	0	0	0	0	0	0
887	892	891	0	0	0	0	0	0	0	0
887	892	893	894	0	0	0	0	0	0	0
887	893	894	0	0	0	0	0	0	0	0
888	890	894	0	0	0	0	0	0	0	0
980	981	0	0	0	0	0	0	0	0	0
1000	998	0	0	0	0	0	0	0	0	0
997	998	0	0	0	0	0	0	0	0	0
1008	1011	1007	969	0	0	0	0	0	0	0
1008	1003	1007	969	0	0	0	0	0	0	0
1008	1003	1011	1007	969	0	0	0	0	0	0
1008	1007	969	0	0	0	0	0	0	0	0
1008	1011	1007	971	0	0	0	0	0	0	0
1008	1003	1007	971	0	0	0	0	0	0	0
1008	1003	1011	1007	971	0	0	0	0	0	0
1008	1007	971	0	0	0	0	0	0	0	0
1008	1005	0	0	0	0	0	0	0	0	0
1008	1011	1007	1006	0	0	0	0	0	0	0
1008	1003	1007	1006	0	0	0	0	0	0	0
1008	1003	1011	1007	1006	0	0	0	0	0	0
1008	1007	1006	0	0	0	0	0	0	0	0
1008	1009	0	0	0	0	0	0	0	0	0
1008	1003	1009	0	0	0	0	0	0	0	0
1008	1011	1007	975	0	0	0	0	0	0	0
1008	1003	1007	975	0	0	0	0	0	0	0
1008	1003	1011	1007	975	0	0	0	0	0	0
1008	1007	975	0	0	0	0	0	0	0	0
1008	977	0	0	0	0	0	0	0	0	0
978	977	0	0	0	0	0	0	0	0	0
1017	1023	1025	0	0	0	0	0	0	0	0
1017	1023	1038	1040	0	0	0	0	0	0	0
1017	1023	1038	1042	0	0	0	0	0	0	0
1017	1018	1016	996	0	0	0	0	0	0	0
1017	1023	1016	996	0	0	0	0	0	0	0
1017	1016	996	0	0	0	0	0	0	0	0
1017	1018	1016	999	0	0	0	0	0	0	0
1017	1023	1016	999	0	0	0	0	0	0	0
1017	1016	999	0	0	0	0	0	0	0	0
1017	1018	1016	1002	0	0	0	0	0	0	0
1017	1023	1016	1002	0	0	0	0	0	0	0
1017	1016	1002	0	0	0	0	0	0	0	0
1017	1018	1016	1004	0	0	0	0	0	0	0
1017	1023	1016	1004	0	0	0	0	0	0	0
1017	1016	1004	0	0	0	0	0	0	0	0
1017	1018	1013	1015	1014	1012	0	0	0	0	0
1017	1013	1015	1014	1012	0	0	0	0	0	0
1017	1018	1019	0	0	0	0	0	0	0	0
1017	1018	1024	1019	0	0	0	0	0	0	0
1017	1018	1016	1019	0	0	0	0	0	0	0
1017	1019	0	0	0	0	0	0	0	0	0
1017	1023	1016	1019	0	0	0	0	0	0	0
1017	1023	1019	0	0	0	0	0	0	0	0
1017	1024	1019	0	0	0	0	0	0	0	0
1017	1016	1019	0	0	0	0	0	0	0	0
1017	1018	1024	1020	0	0	0	0	0	0	0
1017	1024	1020	0	0	0	0	0	0	0	0
1017	1022	0	0	0	0	0	0	0	0	0
1035	1037	0	0	0	0	0	0	0	0	0
1062	1064	0	0	0	0	0	0	0	0	0
1063	1065	0	0	0	0	0	0	0	0	0
1067	1070	1059	0	0	0	0	0	0	0	0
1067	1059	0	0	0	0	0	0	0	0	0
1067	1070	1061	0	0	0	0	0	0	0	0
1067	1061	0	0	0	0	0	0	0	0	0
1067	1070	1065	0	0	0	0	0	0	0	0
1067	1070	1066	0	0	0	0	0	0	0	0
1067	1066	0	0	0	0	0	0	0	0	0
1067	1068	0	0	0	0	0	0	0	0	0
1067	1069	0	0	0	0	0	0	0	0	0
1067	1070	1069	0	0	0	0	0	0	0	0
1105	1107	0	0	0	0	0	0	0	0	0
1148	1138	0	0	0	0	0	0	0	0	0
1148	1149	1150	0	0	0	0	0	0	0	0
1148	1150	0	0	0	0	0	0	0	0	0
1151	1157	0	0	0	0	0	0	0	0	0
1159	1153	0	0	0	0	0	0	0	0	0
1159	1214	0	0	0	0	0	0	0	0	0
1219	1206	0	0	0	0	0	0	0	0	0
1219	1209	0	0	0	0	0	0	0	0	0
1219	1212	0	0	0	0	0	0	0	0	0
1219	1213	0	0	0	0	0	0	0	0	0
1197	1215	1227	0	0	0	0	0	0	0	0
1197	1227	0	0	0	0	0	0	0	0	0
1197	1195	1215	1227	0	0	0	0	0	0	0
1197	1195	1227	0	0	0	0	0	0	0	0
1197	1198	0	0	0	0	0	0	0	0	0
1197	1228	0	0	0	0	0	0	0	0	0
1197	1206	0	0	0	0	0	0	0	0	0
1197	1215	1206	0	0	0	0	0	0	0	0
1197	1195	1206	0	0	0	0	0	0	0	0
1197	1195	1215	1206	0	0	0	0	0	0	0
1197	1207	0	0	0	0	0	0	0	0	0
1197	1208	0	0	0	0	0	0	0	0	0
1197	1215	1229	1208	0	0	0	0	0	0	0
1197	1229	1208	0	0	0	0	0	0	0	0
1197	1195	1208	0	0	0	0	0	0	0	0
1197	1195	1215	1229	1208	0	0	0	0	0	0
1197	1209	0	0	0	0	0	0	0	0	0
1197	1215	1209	0	0	0	0	0	0	0	0
1197	1195	1209	0	0	0	0	0	0	0	0
1197	1195	1215	1209	0	0	0	0	0	0	0
1197	1212	0	0	0	0	0	0	0	0	0
1197	1215	1229	1212	0	0	0	0	0	0	0
1197	1215	1212	0	0	0	0	0	0	0	0
1197	1229	1212	0	0	0	0	0	0	0	0
1197	1195	1212	0	0	0	0	0	0	0	0
1197	1195	1215	1229	1212	0	0	0	0	0	0
1197	1195	1215	1212	0	0	0	0	0	0	0
1197	1213	0	0	0	0	0	0	0	0	0
1197	1215	1213	0	0	0	0	0	0	0	0
1197	1195	1213	0	0	0	0	0	0	0	0
1197	1195	1215	1213	0	0	0	0	0	0	0
1196	1207	0	0	0	0	0	0	0	0	0
1224	1226	0	0	0	0	0	0	0	0	0
1236	1237	0	0	0	0	0	0	0	0	0
1242	1244	0	0	0	0	0	0	0	0	0
1242	1245	0	0	0	0	0	0	0	0	0
1265	1266	0	0	0	0	0	0	0	0	0
1295	1294	1292	0	0	0	0	0	0	0	0
1295	1297	0	0	0	0	0	0	0	0	0
1295	1293	1297	0	0	0	0	0	0	0	0
1339	1341	1337	0	0	0	0	0	0	0	0
1339	1342	1341	1337	0	0	0	0	0	0	0
1339	1343	1341	1337	0	0	0	0	0	0	0
1339	1337	0	0	0	0	0	0	0	0	0
1339	1338	1341	1337	0	0	0	0	0	0	0
1339	1338	1342	1341	1337	0	0	0	0	0	0
1339	1338	1343	1341	1337	0	0	0	0	0	0
1339	1340	0	0	0	0	0	0	0	0	0
1339	1341	1340	0	0	0	0	0	0	0	0
1339	1342	1341	1340	0	0	0	0	0	0	0
1339	1343	1340	0	0	0	0	0	0	0	0
1339	1343	1341	1340	0	0	0	0	0	0	0
1339	1338	1340	0	0	0	0	0	0	0	0
1339	1338	1341	1340	0	0	0	0	0	0	0
1339	1338	1342	1341	1340	0	0	0	0	0	0
1339	1338	1343	1340	0	0	0	0	0	0	0
1339	1338	1343	1341	1340	0	0	0	0	0	0
1527	1528	0	0	0	0	0	0	0	0	0
1527	1524	1525	0	0	0	0	0	0	0	0
1527	1525	0	0	0	0	0	0	0	0	0
1578	1581	0	0	0	0	0	0	0	0	0
1584	1581	0	0	0	0	0	0	0	0	0
1584	1582	0	0	0	0	0	0	0	0	0
1584	1583	1582	0	0	0	0	0	0	0	0
1584	1583	1585	0	0	0	0	0	0	0	0
1598	1628	0	0	0	0	0	0	0	0	0
1701	1704	0	0	0	0	0	0	0	0	0
1702	1703	0	0	0	0	0	0	0	0	0
1778	1779	1780	0	0	0	0	0	0	0	0
1778	1780	0	0	0	0	0	0	0	0	0
1778	1779	1782	0	0	0	0	0	0	0	0
1778	1779	1791	0	0	0	0	0	0	0	0
1778	1791	0	0	0	0	0	0	0	0	0
1824	1818	1814	0	0	0	0	0	0	0	0
1824	1821	1818	1814	0	0	0	0	0	0	0
1824	1820	0	0	0	0	0	0	0	0	0
1824	1821	1820	0	0	0	0	0	0	0	0
1824	1823	0	0	0	0	0	0	0	0	0
1822	1818	1814	0	0	0	0	0	0	0	0
1822	1821	1818	1814	0	0	0	0	0	0	0
1822	1820	0	0	0	0	0	0	0	0	0
1822	1821	1820	0	0	0	0	0	0	0	0
1822	1823	0	0	0	0	0	0	0	0	0
2082	2074	0	0	0	0	0	0	0	0	0
2082	2084	0	0	0	0	0	0	0	0	0
2082	2080	2084	0	0	0	0	0	0	0	0
2177	2178	0	0	0	0	0	0	0	0	0
2266	2267	0	0	0	0	0	0	0	0	0
2266	2259	0	0	0	0	0	0	0	0	0
2486	2487	0	0	0	0	0	0	0	0	0
2615	2616	0	0	0	0	0	0	0	0	0
2915	2916	0	0	0	0	0	0	0	0	0
2915	2967	0	0	0	0	0	0	0	0	0
2991	2997	2983	0	0	0	0	0	0	0	0
2991	2979	2983	0	0	0	0	0	0	0	0
2991	2983	0	0	0	0	0	0	0	0	0
2991	2985	2983	0	0	0	0	0	0	0	0
2991	2990	0	0	0	0	0	0	0	0	0
2991	2997	2994	0	0	0	0	0	0	0	0
2991	2995	0	0	0	0	0	0	0	0	0
2969	2978	2979	2983	0	0	0	0	0	0	0
2969	2978	2986	2983	0	0	0	0	0	0	0
2969	2988	2979	2983	0	0	0	0	0	0	0
2969	2988	2983	0	0	0	0	0	0	0	0
2969	2988	2986	2983	0	0	0	0	0	0	0
2969	2978	2986	2987	2984	0	0	0	0	0	0
2969	2988	2986	2987	2984	0	0	0	0	0	0
2969	2988	2994	0	0	0	0	0	0	0	0
2969	2978	2995	0	0	0	0	0	0	0	0
2969	2988	2995	0	0	0	0	0	0	0	0
2969	2995	0	0	0	0	0	0	0	0	0
2969	2988	2971	0	0	0	0	0	0	0	0
2972	2971	0	0	0	0	0	0	0	0	0
3006	3008	0	0	0	0	0	0	0	0	0
3006	3007	3009	0	0	0	0	0	0	0	0
3006	3009	0	0	0	0	0	0	0	0	0
3006	3007	3005	0	0	0	0	0	0	0	0
3006	3005	0	0	0	0	0	0	0	0	0
3012	3026	3027	3041	0	0	0	0	0	0	0
3012	3027	3041	0	0	0	0	0	0	0	0
3012	3013	3016	0	0	0	0	0	0	0	0
3012	3014	3016	0	0	0	0	0	0	0	0
3012	3013	3019	0	0	0	0	0	0	0	0
3012	3020	3019	0	0	0	0	0	0	0	0
3012	3026	3020	3019	0	0	0	0	0	0	0
3012	3026	3032	0	0	0	0	0	0	0	0
3012	3013	3031	3035	0	0	0	0	0	0	0
3012	3013	3033	3035	0	0	0	0	0	0	0
3012	3026	3027	3031	3035	0	0	0	0	0	0
3012	3026	3033	3035	0	0	0	0	0	0	0
3012	3027	3031	3035	0	0	0	0	0	0	0
3058	3068	0	0	0	0	0	0	0	0	0
3061	3059	0	0	0	0	0	0	0	0	0
3061	3068	0	0	0	0	0	0	0	0	0
3074	3077	0	0	0	0	0	0	0	0	0
3074	3093	0	0	0	0	0	0	0	0	0
3075	3076	3077	0	0	0	0	0	0	0	0
3286	3287	0	0	0	0	0	0	0	0	0
3368	3366	3377	0	0	0	0	0	0	0	0
3368	3366	3379	0	0	0	0	0	0	0	0
3368	3366	3380	0	0	0	0	0	0	0	0
3447	3463	3461	3460	0	0	0	0	0	0	0
3450	3461	3460	0	0	0	0	0	0	0	0
3450	3462	0	0	0	0	0	0	0	0	0
3450	3445	0	0	0	0	0	0	0	0	0
3450	3481	0	0	0	0	0	0	0	0	0
3525	3526	3529	0	0	0	0	0	0	0	0
3525	3529	0	0	0	0	0	0	0	0	0
3525	3526	3527	0	0	0	0	0	0	0	0
3525	3527	0	0	0	0	0	0	0	0	0
3652	3663	0	0	0	0	0	0	0	0	0
3751	3752	0	0	0	0	0	0	0	0	0
3751	3663	0	0	0	0	0	0	0	0	0
3655	3656	0	0	0	0	0	0	0	0	0
3724	3808	0	0	0	0	0	0	0	0	0
3724	3661	0	0	0	0	0	0	0	0	0
3720	3661	0	0	0	0	0	0	0	0	0
3815	3816	0	0	0	0	0	0	0	0	0
3819	3820	0	0	0	0	0	0	0	0	0
3854	3856	0	0	0	0	0	0	0	0	0
3869	3872	0	0	0	0	0	0	0	0	0
3869	3866	0	0	0	0	0	0	0	0	0
3984	3986	0	0	0	0	0	0	0	0	0
3992	3994	0	0	0	0	0	0	0	0	0
4001	4002	0	0	0	0	0	0	0	0	0
4001	3993	0	0	0	0	0	0	0	0	0
4003	4005	0	0	0	0	0	0	0	0	0
4003	3993	0	0	0	0	0	0	0	0	0
4028	4030	4033	0	0	0	0	0	0	0	0
4028	4030	4026	0	0	0	0	0	0	0	0
4028	4030	4029	0	0	0	0	0	0	0	0
4038	4040	0	0	0	0	0	0	0	0	0
4061	4063	0	0	0	0	0	0	0	0	0
4076	4075	4085	0	0	0	0	0	0	0	0
4076	4069	0	0	0	0	0	0	0	0	0
4076	4075	4069	0	0	0	0	0	0	0	0
4100	4101	0	0	0	0	0	0	0	0	0
4100	4104	4102	0	0	0	0	0	0	0	0
4100	4098	4104	4102	0	0	0	0	0	0	0
4100	4104	4105	0	0	0	0	0	0	0	0
4100	4098	4104	4105	0	0	0	0	0	0	0
4302	4424	0	0	0	0	0	0	0	0	0
4317	4318	0	0	0	0	0	0	0	0	0
4348	4351	0	0	0	0	0	0	0	0	0
4458	4459	0	0	0	0	0	0	0	0	0
4465	4464	0	0	0	0	0	0	0	0	0
4465	4466	0	0	0	0	0	0	0	0	0
4465	4365	0	0	0	0	0	0	0	0	0
4673	4674	0	0	0	0	0	0	0	0	0
4673	4672	4674	0	0	0	0	0	0	0	0
4673	4670	4669	0	0	0	0	0	0	0	0
4772	4773	0	0	0	0	0	0	0	0	0
4829	4830	0	0	0	0	0	0	0	0	0
4835	4842	0	0	0	0	0	0	0	0	0
4835	4997	0	0	0	0	0	0	0	0	0
4845	4894	0	0	0	0	0	0	0	0	0
4845	4789	0	0	0	0	0	0	0	0	0
4863	4866	0	0	0	0	0	0	0	0	0
4863	4860	0	0	0	0	0	0	0	0	0
4882	4881	4873	0	0	0	0	0	0	0	0
4882	4884	4886	4887	0	0	0	0	0	0	0
4882	4886	4887	0	0	0	0	0	0	0	0
4882	4881	4884	4886	4887	0	0	0	0	0	0
4882	4881	4885	4886	4887	0	0	0	0	0	0
4882	4881	4885	4884	4886	4887	0	0	0	0	0
4882	4881	4886	4887	0	0	0	0	0	0	0
4882	4883	4889	0	0	0	0	0	0	0	0
4882	4883	4892	4889	0	0	0	0	0	0	0
4882	4884	4886	4890	4883	4889	0	0	0	0	0
4882	4884	4886	4890	4883	4892	4889	0	0	0	0
4882	4884	4886	4890	4889	0	0	0	0	0	0
4882	4884	4886	4878	4890	4883	4889	0	0	0	0
4882	4884	4886	4878	4890	4883	4892	4889	0	0	0
4882	4884	4886	4878	4890	4889	0	0	0	0	0
4882	4884	4886	4879	4880	4883	4889	0	0	0	0
4882	4884	4886	4879	4880	4883	4892	4889	0	0	0
4882	4884	4886	4879	4880	4890	4883	4889	0	0	0
4882	4884	4886	4879	4880	4890	4883	4892	4889	0	0
4882	4884	4886	4879	4880	4890	4889	0	0	0	0
4882	4884	4886	4879	4883	4889	0	0	0	0	0
4882	4884	4886	4879	4883	4892	4889	0	0	0	0
4882	4884	4886	4879	4890	4883	4889	0	0	0	0
4882	4884	4886	4879	4890	4883	4892	4889	0	0	0
4882	4884	4886	4879	4890	4889	0	0	0	0	0
4882	4884	4886	4880	4883	4889	0	0	0	0	0
4882	4884	4886	4880	4883	4892	4889	0	0	0	0
4882	4884	4886	4880	4890	4883	4889	0	0	0	0
4882	4884	4886	4880	4890	4883	4892	4889	0	0	0
4882	4884	4886	4880	4890	4889	0	0	0	0	0
4882	4884	4886	4883	4889	0	0	0	0	0	0
4882	4884	4886	4883	4892	4889	0	0	0	0	0
4882	4884	4890	4883	4889	0	0	0	0	0	0
4882	4884	4890	4883	4892	4889	0	0	0	0	0
4882	4884	4890	4889	0	0	0	0	0	0	0
4882	4884	4879	4880	4883	4889	0	0	0	0	0
4882	4884	4879	4880	4883	4892	4889	0	0	0	0
4882	4884	4879	4880	4890	4883	4889	0	0	0	0
4882	4884	4879	4880	4890	4883	4892	4889	0	0	0
4882	4884	4879	4880	4890	4889	0	0	0	0	0
4882	4884	4879	4883	4889	0	0	0	0	0	0
4882	4884	4879	4883	4892	4889	0	0	0	0	0
4882	4884	4879	4890	4883	4889	0	0	0	0	0
4882	4884	4879	4890	4883	4892	4889	0	0	0	0
4882	4884	4879	4890	4889	0	0	0	0	0	0
4882	4884	4880	4883	4889	0	0	0	0	0	0
4882	4884	4880	4883	4892	4889	0	0	0	0	0
4882	4884	4880	4890	4883	4889	0	0	0	0	0
4882	4884	4880	4890	4883	4892	4889	0	0	0	0
4882	4884	4880	4890	4889	0	0	0	0	0	0
4882	4884	4883	4889	0	0	0	0	0	0	0
4882	4884	4883	4892	4889	0	0	0	0	0	0
4882	4886	4890	4883	4889	0	0	0	0	0	0
4882	4886	4890	4883	4892	4889	0	0	0	0	0
4882	4886	4890	4889	0	0	0	0	0	0	0
4882	4886	4878	4890	4883	4889	0	0	0	0	0
4882	4886	4878	4890	4883	4892	4889	0	0	0	0
4882	4886	4878	4890	4889	0	0	0	0	0	0
4882	4886	4879	4880	4883	4889	0	0	0	0	0
4882	4886	4879	4880	4883	4892	4889	0	0	0	0
4882	4886	4879	4880	4890	4883	4889	0	0	0	0
4882	4886	4879	4880	4890	4883	4892	4889	0	0	0
4882	4886	4879	4880	4890	4889	0	0	0	0	0
4882	4886	4879	4883	4889	0	0	0	0	0	0
4882	4886	4879	4883	4892	4889	0	0	0	0	0
4882	4886	4879	4890	4883	4889	0	0	0	0	0
4882	4886	4879	4890	4883	4892	4889	0	0	0	0
4882	4886	4879	4890	4889	0	0	0	0	0	0
4882	4886	4880	4883	4889	0	0	0	0	0	0
4882	4886	4880	4883	4892	4889	0	0	0	0	0
4882	4886	4880	4890	4883	4889	0	0	0	0	0
4882	4886	4880	4890	4883	4892	4889	0	0	0	0
4882	4886	4880	4890	4889	0	0	0	0	0	0
4882	4886	4883	4889	0	0	0	0	0	0	0
4882	4886	4883	4892	4889	0	0	0	0	0	0
4882	4879	4880	4883	4889	0	0	0	0	0	0
4882	4879	4880	4883	4892	4889	0	0	0	0	0
4882	4879	4880	4890	4883	4889	0	0	0	0	0
4882	4879	4880	4890	4883	4892	4889	0	0	0	0
4882	4879	4880	4890	4889	0	0	0	0	0	0
4882	4879	4883	4889	0	0	0	0	0	0	0
4882	4879	4883	4892	4889	0	0	0	0	0	0
4882	4879	4890	4883	4889	0	0	0	0	0	0
4882	4879	4890	4883	4892	4889	0	0	0	0	0
4882	4879	4890	4889	0	0	0	0	0	0	0
4882	4880	4883	4889	0	0	0	0	0	0	0
4882	4880	4883	4892	4889	0	0	0	0	0	0
4882	4880	4890	4883	4889	0	0	0	0	0	0
4882	4880	4890	4883	4892	4889	0	0	0	0	0
4882	4880	4890	4889	0	0	0	0	0	0	0
4882	4881	4883	4889	0	0	0	0	0	0	0
4882	4881	4883	4892	4889	0	0	0	0	0	0
4882	4881	4884	4886	4890	4883	4889	0	0	0	0
4882	4881	4884	4886	4890	4883	4892	4889	0	0	0
4882	4881	4884	4886	4890	4889	0	0	0	0	0
4882	4881	4884	4886	4878	4890	4883	4889	0	0	0
4882	4881	4884	4886	4878	4890	4883	4892	4889	0	0
4882	4881	4884	4886	4878	4890	4889	0	0	0	0
4882	4881	4884	4886	4879	4880	4883	4889	0	0	0
4882	4881	4884	4886	4879	4880	4883	4892	4889	0	0
4882	4881	4884	4886	4879	4880	4890	4883	4889	0	0
4882	4881	4884	4886	4879	4880	4890	4883	4892	4889	0
4882	4881	4884	4886	4879	4880	4890	4889	0	0	0
4882	4881	4884	4886	4879	4883	4889	0	0	0	0
4882	4881	4884	4886	4879	4883	4892	4889	0	0	0
4882	4881	4884	4886	4879	4890	4883	4889	0	0	0
4882	4881	4884	4886	4879	4890	4883	4892	4889	0	0
4882	4881	4884	4886	4879	4890	4889	0	0	0	0
4882	4881	4884	4886	4880	4883	4889	0	0	0	0
4882	4881	4884	4886	4880	4883	4892	4889	0	0	0
4882	4881	4884	4886	4880	4890	4883	4889	0	0	0
4882	4881	4884	4886	4880	4890	4883	4892	4889	0	0
4882	4881	4884	4886	4880	4890	4889	0	0	0	0
4882	4881	4884	4886	4883	4889	0	0	0	0	0
4882	4881	4884	4886	4883	4892	4889	0	0	0	0
4882	4881	4884	4890	4883	4889	0	0	0	0	0
4882	4881	4884	4890	4883	4892	4889	0	0	0	0
4882	4881	4884	4890	4889	0	0	0	0	0	0
4882	4881	4884	4879	4880	4883	4889	0	0	0	0
4882	4881	4884	4879	4880	4883	4892	4889	0	0	0
4882	4881	4884	4879	4880	4890	4883	4889	0	0	0
4882	4881	4884	4879	4880	4890	4883	4892	4889	0	0
4882	4881	4884	4879	4880	4890	4889	0	0	0	0
4882	4881	4884	4879	4883	4889	0	0	0	0	0
4882	4881	4884	4879	4883	4892	4889	0	0	0	0
4882	4881	4884	4879	4890	4883	4889	0	0	0	0
4882	4881	4884	4879	4890	4883	4892	4889	0	0	0
4882	4881	4884	4879	4890	4889	0	0	0	0	0
4882	4881	4884	4880	4883	4889	0	0	0	0	0
4882	4881	4884	4880	4883	4892	4889	0	0	0	0
4882	4881	4884	4880	4890	4883	4889	0	0	0	0
4882	4881	4884	4880	4890	4883	4892	4889	0	0	0
4882	4881	4884	4880	4890	4889	0	0	0	0	0
4882	4881	4884	4883	4889	0	0	0	0	0	0
4882	4881	4884	4883	4892	4889	0	0	0	0	0
4882	4881	4885	4886	4890	4883	4889	0	0	0	0
4882	4881	4885	4886	4890	4883	4892	4889	0	0	0
4882	4881	4885	4886	4890	4889	0	0	0	0	0
4882	4881	4885	4886	4878	4890	4883	4889	0	0	0
4882	4881	4885	4886	4878	4890	4883	4892	4889	0	0
4882	4881	4885	4886	4878	4890	4889	0	0	0	0
4882	4881	4885	4886	4879	4880	4883	4889	0	0	0
4882	4881	4885	4886	4879	4880	4883	4892	4889	0	0
4882	4881	4885	4886	4879	4880	4890	4883	4889	0	0
4882	4881	4885	4886	4879	4880	4890	4883	4892	4889	0
4882	4881	4885	4886	4879	4880	4890	4889	0	0	0
4882	4881	4885	4886	4879	4883	4889	0	0	0	0
4882	4881	4885	4886	4879	4883	4892	4889	0	0	0
4882	4881	4885	4886	4879	4890	4883	4889	0	0	0
4882	4881	4885	4886	4879	4890	4883	4892	4889	0	0
4882	4881	4885	4886	4879	4890	4889	0	0	0	0
4882	4881	4885	4886	4880	4883	4889	0	0	0	0
4882	4881	4885	4886	4880	4883	4892	4889	0	0	0
4882	4881	4885	4886	4880	4890	4883	4889	0	0	0
4882	4881	4885	4886	4880	4890	4883	4892	4889	0	0
4882	4881	4885	4886	4880	4890	4889	0	0	0	0
4882	4881	4885	4886	4883	4889	0	0	0	0	0
4882	4881	4885	4886	4883	4892	4889	0	0	0	0
4882	4881	4885	4890	4883	4889	0	0	0	0	0
4882	4881	4885	4890	4883	4892	4889	0	0	0	0
4882	4881	4885	4890	4889	0	0	0	0	0	0
4882	4881	4885	4878	4890	4883	4889	0	0	0	0
4882	4881	4885	4878	4890	4883	4892	4889	0	0	0
4882	4881	4885	4878	4890	4889	0	0	0	0	0
4882	4881	4885	4879	4880	4883	4889	0	0	0	0
4882	4881	4885	4879	4880	4883	4892	4889	0	0	0
4882	4881	4885	4879	4880	4890	4883	4889	0	0	0
4882	4881	4885	4879	4880	4890	4883	4892	4889	0	0
4882	4881	4885	4879	4880	4890	4889	0	0	0	0
4882	4881	4885	4879	4883	4889	0	0	0	0	0
4882	4881	4885	4879	4883	4892	4889	0	0	0	0
4882	4881	4885	4879	4890	4883	4889	0	0	0	0
4882	4881	4885	4879	4890	4883	4892	4889	0	0	0
4882	4881	4885	4879	4890	4889	0	0	0	0	0
4882	4881	4885	4880	4883	4889	0	0	0	0	0
4882	4881	4885	4880	4883	4892	4889	0	0	0	0
4882	4881	4885	4880	4890	4883	4889	0	0	0	0
4882	4881	4885	4880	4890	4883	4892	4889	0	0	0
4882	4881	4885	4880	4890	4889	0	0	0	0	0
4882	4881	4885	4883	4889	0	0	0	0	0	0
4882	4881	4885	4883	4892	4889	0	0	0	0	0
4882	4881	4885	4884	4886	4890	4883	4889	0	0	0
4882	4881	4885	4884	4886	4890	4883	4892	4889	0	0
4882	4881	4885	4884	4886	4890	4889	0	0	0	0
4882	4881	4885	4884	4886	4878	4890	4883	4889	0	0
4882	4881	4885	4884	4886	4878	4890	4883	4892	4889	0
4882	4881	4885	4884	4886	4878	4890	4889	0	0	0
4882	4881	4885	4884	4886	4879	4880	4883	4889	0	0
4882	4881	4885	4884	4886	4879	4880	4883	4892	4889	0
4882	4881	4885	4884	4886	4879	4880	4890	4883	4889	0
4882	4881	4885	4884	4886	4879	4880	4890	4883	4892	4889
4882	4881	4885	4884	4886	4879	4880	4890	4889	0	0
4882	4881	4885	4884	4886	4879	4883	4889	0	0	0
4882	4881	4885	4884	4886	4879	4883	4892	4889	0	0
4882	4881	4885	4884	4886	4879	4890	4883	4889	0	0
4882	4881	4885	4884	4886	4879	4890	4883	4892	4889	0
4882	4881	4885	4884	4886	4879	4890	4889	0	0	0
4882	4881	4885	4884	4886	4880	4883	4889	0	0	0
4882	4881	4885	4884	4886	4880	4883	4892	4889	0	0
4882	4881	4885	4884	4886	4880	4890	4883	4889	0	0
4882	4881	4885	4884	4886	4880	4890	4883	4892	4889	0
4882	4881	4885	4884	4886	4880	4890	4889	0	0	0
4882	4881	4885	4884	4886	4883	4889	0	0	0	0
4882	4881	4885	4884	4886	4883	4892	4889	0	0	0
4882	4881	4885	4884	4890	4883	4889	0	0	0	0
4882	4881	4885	4884	4890	4883	4892	4889	0	0	0
4882	4881	4885	4884	4890	4889	0	0	0	0	0
4882	4881	4885	4884	4879	4880	4883	4889	0	0	0
4882	4881	4885	4884	4879	4880	4883	4892	4889	0	0
4882	4881	4885	4884	4879	4880	4890	4883	4889	0	0
4882	4881	4885	4884	4879	4880	4890	4883	4892	4889	0
4882	4881	4885	4884	4879	4880	4890	4889	0	0	0
4882	4881	4885	4884	4879	4883	4889	0	0	0	0
4882	4881	4885	4884	4879	4883	4892	4889	0	0	0
4882	4881	4885	4884	4879	4890	4883	4889	0	0	0
4882	4881	4885	4884	4879	4890	4883	4892	4889	0	0
4882	4881	4885	4884	4879	4890	4889	0	0	0	0
4882	4881	4885	4884	4880	4883	4889	0	0	0	0
4882	4881	4885	4884	4880	4883	4892	4889	0	0	0
4882	4881	4885	4884	4880	4890	4883	4889	0	0	0
4882	4881	4885	4884	4880	4890	4883	4892	4889	0	0
4882	4881	4885	4884	4880	4890	4889	0	0	0	0
4882	4881	4885	4884	4883	4889	0	0	0	0	0
4882	4881	4885	4884	4883	4892	4889	0	0	0	0
4882	4881	4886	4890	4883	4889	0	0	0	0	0
4882	4881	4886	4890	4883	4892	4889	0	0	0	0
4882	4881	4886	4890	4889	0	0	0	0	0	0
4882	4881	4886	4878	4890	4883	4889	0	0	0	0
4882	4881	4886	4878	4890	4883	4892	4889	0	0	0
4882	4881	4886	4878	4890	4889	0	0	0	0	0
4882	4881	4886	4879	4880	4883	4889	0	0	0	0
4882	4881	4886	4879	4880	4883	4892	4889	0	0	0
4882	4881	4886	4879	4880	4890	4883	4889	0	0	0
4882	4881	4886	4879	4880	4890	4883	4892	4889	0	0
4882	4881	4886	4879	4880	4890	4889	0	0	0	0
4882	4881	4886	4879	4883	4889	0	0	0	0	0
4882	4881	4886	4879	4883	4892	4889	0	0	0	0
4882	4881	4886	4879	4890	4883	4889	0	0	0	0
4882	4881	4886	4879	4890	4883	4892	4889	0	0	0
4882	4881	4886	4879	4890	4889	0	0	0	0	0
4882	4881	4886	4880	4883	4889	0	0	0	0	0
4882	4881	4886	4880	4883	4892	4889	0	0	0	0
4882	4881	4886	4880	4890	4883	4889	0	0	0	0
4882	4881	4886	4880	4890	4883	4892	4889	0	0	0
4882	4881	4886	4880	4890	4889	0	0	0	0	0
4882	4881	4886	4883	4889	0	0	0	0	0	0
4882	4881	4886	4883	4892	4889	0	0	0	0	0
4882	4881	4890	4883	4889	0	0	0	0	0	0
4882	4881	4890	4883	4892	4889	0	0	0	0	0
4882	4881	4890	4889	0	0	0	0	0	0	0
4882	4881	4879	4880	4883	4889	0	0	0	0	0
4882	4881	4879	4880	4883	4892	4889	0	0	0	0
4882	4881	4879	4880	4890	4883	4889	0	0	0	0
4882	4881	4879	4880	4890	4883	4892	4889	0	0	0
4882	4881	4879	4880	4890	4889	0	0	0	0	0
4882	4881	4879	4883	4889	0	0	0	0	0	0
4882	4881	4879	4883	4892	4889	0	0	0	0	0
4882	4881	4879	4890	4883	4889	0	0	0	0	0
4882	4881	4879	4890	4883	4892	4889	0	0	0	0
4882	4881	4879	4890	4889	0	0	0	0	0	0
4882	4881	4880	4883	4889	0	0	0	0	0	0
4882	4881	4880	4883	4892	4889	0	0	0	0	0
4882	4881	4880	4890	4883	4889	0	0	0	0	0
4882	4881	4880	4890	4883	4892	4889	0	0	0	0
4882	4881	4880	4890	4889	0	0	0	0	0	0
4882	4884	4886	4890	4891	0	0	0	0	0	0
4882	4884	4886	4891	0	0	0	0	0	0	0
4882	4884	4886	4878	4890	4891	0	0	0	0	0
4882	4884	4886	4879	4880	4890	4891	0	0	0	0
4882	4884	4886	4879	4880	4891	0	0	0	0	0
4882	4884	4886	4879	4890	4891	0	0	0	0	0
4882	4884	4886	4879	4891	0	0	0	0	0	0
4882	4884	4886	4880	4890	4891	0	0	0	0	0
4882	4884	4886	4880	4891	0	0	0	0	0	0
4882	4884	4890	4891	0	0	0	0	0	0	0
4882	4884	4891	0	0	0	0	0	0	0	0
4882	4884	4879	4880	4890	4891	0	0	0	0	0
4882	4884	4879	4880	4891	0	0	0	0	0	0
4882	4884	4879	4890	4891	0	0	0	0	0	0
4882	4884	4879	4891	0	0	0	0	0	0	0
4882	4884	4880	4890	4891	0	0	0	0	0	0
4882	4884	4880	4891	0	0	0	0	0	0	0
4882	4886	4890	4891	0	0	0	0	0	0	0
4882	4886	4891	0	0	0	0	0	0	0	0
4882	4886	4878	4890	4891	0	0	0	0	0	0
4882	4886	4879	4880	4890	4891	0	0	0	0	0
4882	4886	4879	4880	4891	0	0	0	0	0	0
4882	4886	4879	4890	4891	0	0	0	0	0	0
4882	4886	4879	4891	0	0	0	0	0	0	0
4882	4886	4880	4890	4891	0	0	0	0	0	0
4882	4886	4880	4891	0	0	0	0	0	0	0
4882	4879	4880	4890	4891	0	0	0	0	0	0
4882	4879	4880	4891	0	0	0	0	0	0	0
4882	4879	4890	4891	0	0	0	0	0	0	0
4882	4879	4891	0	0	0	0	0	0	0	0
4882	4880	4890	4891	0	0	0	0	0	0	0
4882	4880	4891	0	0	0	0	0	0	0	0
4882	4881	4884	4886	4890	4891	0	0	0	0	0
4882	4881	4884	4886	4891	0	0	0	0	0	0
4882	4881	4884	4886	4878	4890	4891	0	0	0	0
4882	4881	4884	4886	4879	4880	4890	4891	0	0	0
4882	4881	4884	4886	4879	4880	4891	0	0	0	0
4882	4881	4884	4886	4879	4890	4891	0	0	0	0
4882	4881	4884	4886	4879	4891	0	0	0	0	0
4882	4881	4884	4886	4880	4890	4891	0	0	0	0
4882	4881	4884	4886	4880	4891	0	0	0	0	0
4882	4881	4884	4890	4891	0	0	0	0	0	0
4882	4881	4884	4891	0	0	0	0	0	0	0
4882	4881	4884	4879	4880	4890	4891	0	0	0	0
4882	4881	4884	4879	4880	4891	0	0	0	0	0
4882	4881	4884	4879	4890	4891	0	0	0	0	0
4882	4881	4884	4879	4891	0	0	0	0	0	0
4882	4881	4884	4880	4890	4891	0	0	0	0	0
4882	4881	4884	4880	4891	0	0	0	0	0	0
4882	4881	4885	4886	4890	4891	0	0	0	0	0
4882	4881	4885	4886	4891	0	0	0	0	0	0
4882	4881	4885	4886	4878	4890	4891	0	0	0	0
4882	4881	4885	4886	4879	4880	4890	4891	0	0	0
4882	4881	4885	4886	4879	4880	4891	0	0	0	0
4882	4881	4885	4886	4879	4890	4891	0	0	0	0
4882	4881	4885	4886	4879	4891	0	0	0	0	0
4882	4881	4885	4886	4880	4890	4891	0	0	0	0
4882	4881	4885	4886	4880	4891	0	0	0	0	0
4882	4881	4885	4890	4891	0	0	0	0	0	0
4882	4881	4885	4891	0	0	0	0	0	0	0
4882	4881	4885	4878	4890	4891	0	0	0	0	0
4882	4881	4885	4879	4880	4890	4891	0	0	0	0
4882	4881	4885	4879	4880	4891	0	0	0	0	0
4882	4881	4885	4879	4890	4891	0	0	0	0	0
4882	4881	4885	4879	4891	0	0	0	0	0	0
4882	4881	4885	4880	4890	4891	0	0	0	0	0
4882	4881	4885	4880	4891	0	0	0	0	0	0
4882	4881	4885	4884	4886	4890	4891	0	0	0	0
4882	4881	4885	4884	4886	4891	0	0	0	0	0
4882	4881	4885	4884	4886	4878	4890	4891	0	0	0
4882	4881	4885	4884	4886	4879	4880	4890	4891	0	0
4882	4881	4885	4884	4886	4879	4880	4891	0	0	0
4882	4881	4885	4884	4886	4879	4890	4891	0	0	0
4882	4881	4885	4884	4886	4879	4891	0	0	0	0
4882	4881	4885	4884	4886	4880	4890	4891	0	0	0
4882	4881	4885	4884	4886	4880	4891	0	0	0	0
4882	4881	4885	4884	4890	4891	0	0	0	0	0
4882	4881	4885	4884	4891	0	0	0	0	0	0
4882	4881	4885	4884	4879	4880	4890	4891	0	0	0
4882	4881	4885	4884	4879	4880	4891	0	0	0	0
4882	4881	4885	4884	4879	4890	4891	0	0	0	0
4882	4881	4885	4884	4879	4891	0	0	0	0	0
4882	4881	4885	4884	4880	4890	4891	0	0	0	0
4882	4881	4885	4884	4880	4891	0	0	0	0	0
4882	4881	4886	4890	4891	0	0	0	0	0	0
4882	4881	4886	4891	0	0	0	0	0	0	0
4882	4881	4886	4878	4890	4891	0	0	0	0	0
4882	4881	4886	4879	4880	4890	4891	0	0	0	0
4882	4881	4886	4879	4880	4891	0	0	0	0	0
4882	4881	4886	4879	4890	4891	0	0	0	0	0
4882	4881	4886	4879	4891	0	0	0	0	0	0
4882	4881	4886	4880	4890	4891	0	0	0	0	0
4882	4881	4886	4880	4891	0	0	0	0	0	0
4882	4881	4890	4891	0	0	0	0	0	0	0
4882	4881	4891	0	0	0	0	0	0	0	0
4882	4881	4879	4880	4890	4891	0	0	0	0	0
4882	4881	4879	4880	4891	0	0	0	0	0	0
4882	4881	4879	4890	4891	0	0	0	0	0	0
4882	4881	4879	4891	0	0	0	0	0	0	0
4882	4881	4880	4890	4891	0	0	0	0	0	0
4882	4881	4880	4891	0	0	0	0	0	0	0
4888	4887	0	0	0	0	0	0	0	0	0
4912	4913	0	0	0	0	0	0	0	0	0
4912	4911	0	0	0	0	0	0	0	0	0
4956	4948	4926	0	0	0	0	0	0	0	0
4956	4949	4951	4926	0	0	0	0	0	0	0
4956	4949	4948	4926	0	0	0	0	0	0	0
4956	4951	4926	0	0	0	0	0	0	0	0
4956	4948	4946	4928	0	0	0	0	0	0	0
4956	4948	4947	4946	4928	0	0	0	0	0	0
4956	4949	4951	4947	4946	4928	0	0	0	0	0
4956	4949	4947	4946	4928	0	0	0	0	0	0
4956	4949	4948	4946	4928	0	0	0	0	0	0
4956	4949	4948	4947	4946	4928	0	0	0	0	0
4956	4951	4947	4946	4928	0	0	0	0	0	0
4956	4948	4937	0	0	0	0	0	0	0	0
4956	4948	4946	4937	0	0	0	0	0	0	0
4956	4948	4947	4946	4937	0	0	0	0	0	0
4956	4949	4951	4937	0	0	0	0	0	0	0
4956	4949	4951	4947	4946	4937	0	0	0	0	0
4956	4949	4937	0	0	0	0	0	0	0	0
4956	4949	4947	4946	4937	0	0	0	0	0	0
4956	4949	4948	4937	0	0	0	0	0	0	0
4956	4949	4948	4946	4937	0	0	0	0	0	0
4956	4949	4948	4947	4946	4937	0	0	0	0	0
4956	4951	4937	0	0	0	0	0	0	0	0
4956	4951	4947	4946	4937	0	0	0	0	0	0
4956	4948	4947	4938	0	0	0	0	0	0	0
4956	4949	4951	4947	4938	0	0	0	0	0	0
4956	4949	4947	4938	0	0	0	0	0	0	0
4956	4949	4948	4947	4938	0	0	0	0	0	0
4956	4951	4947	4938	0	0	0	0	0	0	0
4956	4949	4939	0	0	0	0	0	0	0	0
4956	4940	0	0	0	0	0	0	0	0	0
4956	4949	4940	0	0	0	0	0	0	0	0
4956	4949	4943	0	0	0	0	0	0	0	0
4956	4948	4944	0	0	0	0	0	0	0	0
4956	4949	4948	4944	0	0	0	0	0	0	0
4956	4945	0	0	0	0	0	0	0	0	0
4956	4948	4947	4945	0	0	0	0	0	0	0
4956	4949	4951	4947	4945	0	0	0	0	0	0
4956	4949	4945	0	0	0	0	0	0	0	0
4956	4949	4947	4945	0	0	0	0	0	0	0
4956	4949	4948	4947	4945	0	0	0	0	0	0
4956	4951	4947	4945	0	0	0	0	0	0	0
4956	5085	0	0	0	0	0	0	0	0	0
4956	4963	0	0	0	0	0	0	0	0	0
4956	4949	4962	4963	0	0	0	0	0	0	0
4956	4949	4963	0	0	0	0	0	0	0	0
4956	4965	0	0	0	0	0	0	0	0	0
4956	4949	4965	0	0	0	0	0	0	0	0
4971	4972	0	0	0	0	0	0	0	0	0
5000	4996	0	0	0	0	0	0	0	0	0
5000	4999	0	0	0	0	0	0	0	0	0
5010	4999	0	0	0	0	0	0	0	0	0
5010	5012	5008	0	0	0	0	0	0	0	0
5010	5012	5013	0	0	0	0	0	0	0	0
5010	5013	0	0	0	0	0	0	0	0	0
5011	5012	5008	0	0	0	0	0	0	0	0
5011	5012	5013	0	0	0	0	0	0	0	0
5011	5013	0	0	0	0	0	0	0	0	0
5023	4999	0	0	0	0	0	0	0	0	0
5023	5013	0	0	0	0	0	0	0	0	0
5023	5026	0	0	0	0	0	0	0	0	0
5024	5012	5008	0	0	0	0	0	0	0	0
5024	5012	5013	0	0	0	0	0	0	0	0
5024	5013	0	0	0	0	0	0	0	0	0
5024	5017	0	0	0	0	0	0	0	0	0
5024	5025	0	0	0	0	0	0	0	0	0
5038	5008	0	0	0	0	0	0	0	0	0
5038	5021	0	0	0	0	0	0	0	0	0
5038	5040	5036	0	0	0	0	0	0	0	0
5038	5036	0	0	0	0	0	0	0	0	0
5050	5048	5007	0	0	0	0	0	0	0	0
5050	5048	5013	0	0	0	0	0	0	0	0
5050	5048	5017	0	0	0	0	0	0	0	0
5050	5048	5047	0	0	0	0	0	0	0	0
5050	5056	0	0	0	0	0	0	0	0	0
5051	5013	0	0	0	0	0	0	0	0	0
5051	5026	0	0	0	0	0	0	0	0	0
5052	5036	0	0	0	0	0	0	0	0	0
5088	5089	0	0	0	0	0	0	0	0	0
5094	5096	5091	5093	0	0	0	0	0	0	0
5094	5096	5093	0	0	0	0	0	0	0	0
5094	5091	5093	0	0	0	0	0	0	0	0
5094	5093	0	0	0	0	0	0	0	0	0
5095	5091	5093	0	0	0	0	0	0	0	0
5095	5092	5093	0	0	0	0	0	0	0	0
5095	5092	5091	5093	0	0	0	0	0	0	0
5095	5093	0	0	0	0	0	0	0	0	0
5109	5107	5108	0	0	0	0	0	0	0	0
5160	5161	0	0	0	0	0	0	0	0	0
5160	5164	5162	0	0	0	0	0	0	0	0
5184	5186	0	0	0	0	0	0	0	0	0
5184	5189	0	0	0	0	0	0	0	0	0
5230	5229	0	0	0	0	0	0	0	0	0
5234	5229	0	0	0	0	0	0	0	0	0
5234	5231	0	0	0	0	0	0	0	0	0
5234	5232	0	0	0	0	0	0	0	0	0
5234	5233	5232	0	0	0	0	0	0	0	0
5234	5235	0	0	0	0	0	0	0	0	0
5234	5233	5235	0	0	0	0	0	0	0	0
5284	5285	0	0	0	0	0	0	0	0	0
5339	5340	0	0	0	0	0	0	0	0	0
5351	5352	0	0	0	0	0	0	0	0	0
5363	5364	0	0	0	0	0	0	0	0	0
5373	5370	0	0	0	0	0	0	0	0	0
5373	5371	0	0	0	0	0	0	0	0	0
5373	5406	0	0	0	0	0	0	0	0	0
5404	5407	5412	0	0	0	0	0	0	0	0
5404	5407	5401	5412	0	0	0	0	0	0	0
5404	5401	5412	0	0	0	0	0	0	0	0
5404	5391	0	0	0	0	0	0	0	0	0
5404	5402	0	0	0	0	0	0	0	0	0
5404	5403	0	0	0	0	0	0	0	0	0
5404	5405	0	0	0	0	0	0	0	0	0
5416	5417	0	0	0	0	0	0	0	0	0
5495	5496	0	0	0	0	0	0	0	0	0
5595	5593	0	0	0	0	0	0	0	0	0
5597	5601	0	0	0	0	0	0	0	0	0
5597	5593	0	0	0	0	0	0	0	0	0
5597	5594	5593	0	0	0	0	0	0	0	0
5678	5679	0	0	0	0	0	0	0	0	0
5700	5698	0	0	0	0	0	0	0	0	0
5700	5699	0	0	0	0	0	0	0	0	0
5700	5704	0	0	0	0	0	0	0	0	0
5700	5712	0	0	0	0	0	0	0	0	0
5700	5720	0	0	0	0	0	0	0	0	0
5700	5721	0	0	0	0	0	0	0	0	0
5700	5695	0	0	0	0	0	0	0	0	0
5701	5704	0	0	0	0	0	0	0	0	0
5707	5709	0	0	0	0	0	0	0	0	0
5748	5749	0	0	0	0	0	0	0	0	0
5748	5750	0	0	0	0	0	0	0	0	0
5808	5809	5813	0	0	0	0	0	0	0	0
5831	5832	5833	5834	0	0	0	0	0	0	0
5831	5832	5834	0	0	0	0	0	0	0	0
5831	5833	5834	0	0	0	0	0	0	0	0
5831	5834	0	0	0	0	0	0	0	0	0
5857	5858	0	0	0	0	0	0	0	0	0
5857	5860	5861	0	0	0	0	0	0	0	0
5857	5861	0	0	0	0	0	0	0	0	0
5857	5859	5866	5862	0	0	0	0	0	0	0
5857	5860	5859	5866	5862	0	0	0	0	0	0
5857	5866	5862	0	0	0	0	0	0	0	0
5857	5859	5866	5865	0	0	0	0	0	0	0
5857	5860	5859	5866	5865	0	0	0	0	0	0
5857	5866	5865	0	0	0	0	0	0	0	0
5857	5859	5866	5867	0	0	0	0	0	0	0
5857	5860	5859	5866	5867	0	0	0	0	0	0
5857	5866	5867	0	0	0	0	0	0	0	0
5857	5859	5866	5868	0	0	0	0	0	0	0
5857	5860	5859	5866	5868	0	0	0	0	0	0
5857	5866	5868	0	0	0	0	0	0	0	0
5857	5859	5866	5854	0	0	0	0	0	0	0
5857	5860	5859	5866	5854	0	0	0	0	0	0
5857	5866	5854	0	0	0	0	0	0	0	0
5863	5868	0	0	0	0	0	0	0	0	0
5863	5869	0	0	0	0	0	0	0	0	0
5863	5870	0	0	0	0	0	0	0	0	0
5863	5854	0	0	0	0	0	0	0	0	0
5913	5914	0	0	0	0	0	0	0	0	0
5921	5920	0	0	0	0	0	0	0	0	0
5921	5922	5926	0	0	0	0	0	0	0	0
5921	5926	0	0	0	0	0	0	0	0	0
5921	5919	5926	0	0	0	0	0	0	0	0
5921	5929	0	0	0	0	0	0	0	0	0
5921	5931	0	0	0	0	0	0	0	0	0
5921	5919	5931	0	0	0	0	0	0	0	0
5921	5922	5935	0	0	0	0	0	0	0	0
5921	5919	5935	0	0	0	0	0	0	0	0
5942	5941	0	0	0	0	0	0	0	0	0
5942	5943	0	0	0	0	0	0	0	0	0
5949	5950	0	0	0	0	0	0	0	0	0
5951	5952	0	0	0	0	0	0	0	0	0
5951	5950	0	0	0	0	0	0	0	0	0
5956	5955	0	0	0	0	0	0	0	0	0
5956	5957	0	0	0	0	0	0	0	0	0
6075	6071	0	0	0	0	0	0	0	0	0
6077	6071	0	0	0	0	0	0	0	0	0
6069	6071	0	0	0	0	0	0	0	0	0
225	224	0	0	0	0	0	0	0	0	0
231	227	0	0	0	0	0	0	0	0	0
260	259	0	0	0	0	0	0	0	0	0
277	259	0	0	0	0	0	0	0	0	0
277	238	0	0	0	0	0	0	0	0	0
277	274	0	0	0	0	0	0	0	0	0
277	275	0	0	0	0	0	0	0	0	0
277	248	0	0	0	0	0	0	0	0	0
277	250	0	0	0	0	0	0	0	0	0
551	549	0	0	0	0	0	0	0	0	0
552	550	0	0	0	0	0	0	0	0	0
592	589	0	0	0	0	0	0	0	0	0
593	589	0	0	0	0	0	0	0	0	0
611	610	0	0	0	0	0	0	0	0	0
705	704	0	0	0	0	0	0	0	0	0
986	984	0	0	0	0	0	0	0	0	0
1238	1126	0	0	0	0	0	0	0	0	0
1130	1129	0	0	0	0	0	0	0	0	0
1322	1318	0	0	0	0	0	0	0	0	0
1373	1346	0	0	0	0	0	0	0	0	0
1390	1381	0	0	0	0	0	0	0	0	0
1429	1421	0	0	0	0	0	0	0	0	0
1497	1496	0	0	0	0	0	0	0	0	0
1548	1547	0	0	0	0	0	0	0	0	0
1695	1647	0	0	0	0	0	0	0	0	0
1670	1669	0	0	0	0	0	0	0	0	0
2087	2067	0	0	0	0	0	0	0	0	0
2087	2078	0	0	0	0	0	0	0	0	0
2087	2062	0	0	0	0	0	0	0	0	0
2242	2241	0	0	0	0	0	0	0	0	0
2270	2269	0	0	0	0	0	0	0	0	0
2623	2622	0	0	0	0	0	0	0	0	0
2786	2784	0	0	0	0	0	0	0	0	0
2964	2961	0	0	0	0	0	0	0	0	0
3017	3015	0	0	0	0	0	0	0	0	0
3078	3056	0	0	0	0	0	0	0	0	0
3145	3086	0	0	0	0	0	0	0	0	0
3296	3295	0	0	0	0	0	0	0	0	0
3506	3505	0	0	0	0	0	0	0	0	0
3561	3560	0	0	0	0	0	0	0	0	0
3561	3531	0	0	0	0	0	0	0	0	0
3562	3531	0	0	0	0	0	0	0	0	0
3580	3579	0	0	0	0	0	0	0	0	0
3631	3612	0	0	0	0	0	0	0	0	0
3716	3706	0	0	0	0	0	0	0	0	0
3981	3980	0	0	0	0	0	0	0	0	0
3990	3989	0	0	0	0	0	0	0	0	0
3999	3998	0	0	0	0	0	0	0	0	0
4036	4034	0	0	0	0	0	0	0	0	0
4109	4059	0	0	0	0	0	0	0	0	0
4074	4073	0	0	0	0	0	0	0	0	0
4082	4081	0	0	0	0	0	0	0	0	0
4471	4470	0	0	0	0	0	0	0	0	0
4556	4554	0	0	0	0	0	0	0	0	0
4591	4589	0	0	0	0	0	0	0	0	0
4591	4590	0	0	0	0	0	0	0	0	0
4735	4657	0	0	0	0	0	0	0	0	0
4735	4723	0	0	0	0	0	0	0	0	0
4801	4740	0	0	0	0	0	0	0	0	0
4801	4694	0	0	0	0	0	0	0	0	0
4795	4742	0	0	0	0	0	0	0	0	0
4755	4754	0	0	0	0	0	0	0	0	0
4930	4929	0	0	0	0	0	0	0	0	0
4934	4931	0	0	0	0	0	0	0	0	0
4934	4933	0	0	0	0	0	0	0	0	0
5119	5029	0	0	0	0	0	0	0	0	0
5263	5261	0	0	0	0	0	0	0	0	0
5263	5262	0	0	0	0	0	0	0	0	0
5418	5415	0	0	0	0	0	0	0	0	0
5444	5421	0	0	0	0	0	0	0	0	0
5444	5439	0	0	0	0	0	0	0	0	0
5444	5441	5439	0	0	0	0	0	0	0	0
5451	5439	0	0	0	0	0	0	0	0	0
5427	5426	0	0	0	0	0	0	0	0	0
5507	5506	0	0	0	0	0	0	0	0	0
5803	5775	0	0	0	0	0	0	0	0	0
5891	5889	0	0	0	0	0	0	0	0	0
6012	6008	0	0	0	0	0	0	0	0	0
6017	6014	0	0	0	0	0	0	0	0	0
